{"cameraMode":{"drawMode":0,"name":"Shaded","section":"Shading Mode"},"sceneLighting":false,"audioPlay":false,"sceneViewState":{"m_AlwaysRefresh":false,"showFog":true,"showSkybox":false,"showFlares":true,"showImageEffects":true,"showParticleSystems":true,"showVisualEffectGraphs":true,"m_FxEnabled":true},"in2DMode":false,"pivot":{"x":-0.37660425901412966,"y":1.0154988765716553,"z":10.848529815673829},"rotation":{"x":0.05782531946897507,"y":-0.6619041562080383,"z":0.051329780369997028,"w":0.745606005191803},"size":1.9352562427520753,"orthographic":false}