{"cameraMode":{"drawMode":0,"name":"Shaded","section":"Shading Mode"},"sceneLighting":false,"audioPlay":false,"sceneViewState":{"m_AlwaysRefresh":false,"showFog":true,"showSkybox":false,"showFlares":true,"showImageEffects":true,"showParticleSystems":true,"showVisualEffectGraphs":true,"m_FxEnabled":true},"in2DMode":false,"pivot":{"x":9.082752227783204,"y":0.8000556826591492,"z":11.771644592285157},"rotation":{"x":0.07537110894918442,"y":-0.10896766930818558,"z":0.008284964598715306,"w":0.9911591410636902},"size":5.111130714416504,"orthographic":false}